.Vinyl Bag Mesh Varigated-Green,,PRODUCT  SOLD OUT,https://media.rainpos.com/3245/green_varigated.jpg
Japanese Garden Blue Scenes,,PRODUCT  SOLD OUT,https://media.rainpos.com/3245/japanese_garden_japanese_toile_mas8083_n.jpg
Japanese Garden White Scenes,$8.24 $10.99,PRODUCT,https://media.rainpos.com/3245/mas8083_e_300x300_crop_center.jpg
Bohemian Vibe,$4.00 $10.99,PRODUCT,https://media.rainpos.com/Northcott/21913-54.jpg
Japanese Garden Green,$8.24 $10.99,PRODUCT,https://media.rainpos.com/EE_Schenck/MAS8089G2.jpg
Orimono IV Dragons Gray,$8.24 $10.99,PRODUCT,https://media.rainpos.com/3245/61pnapbmpl_ac_.jpg
KYOTO GARDEN FLOWERS STRIPE RED MULTI,$8.24 $10.99,PRODUCT,https://media.rainpos.com/Northcott/23271M-24.jpg
Snake and Emu Charcoal,$8.24 $10.99,PRODUCT,https://media.rainpos.com/3245/snake_emu_charcoal_by_w_evans.jpg
Moonlight Serenade Metallic Moonlit Lilypads Indigo/Emerald,$8.24 $10.99,PRODUCT,https://media.rainpos.com/EE_Schenck/KAS9753M-54.jpg
Bush Yam Red,$10.99,PRODUCT,https://media.rainpos.com/3245/bush_yam_red_1_edited_1_copy.jpg
Bush Food Green by Cindy Wallace,$8.24 $10.99,PRODUCT,https://media.rainpos.com/M__S_Textiles_Australia/Bush-Food-by-Cindy-Wallace-Green-1.jpg
Salt Lake Yellow by Heather Kennedy,$8.24 $10.99,PRODUCT,https://media.rainpos.com/M__S_Textiles_Australia/Salt-Lake-Yellow-by-Heather-Kennedy.png
Water Dreaming Yellow by Audrey Martin Napanangka,$8.24 $10.99,PRODUCT,https://media.rainpos.com/M__S_Textiles_Australia/Water-Dreaming-Yellow-by-Audrey-Martin-Napanangka.jpg
Goanna Dreaming Black by Heather Kennedy,$8.24 $10.99,PRODUCT,https://media.rainpos.com/M__S_Textiles_Australia/Goanna-Dreaming-Black-by-Hether-Kennedy.jpg
Tree Snake Gathering Brown by Anonymous,$8.24 $10.99,PRODUCT,https://media.rainpos.com/M__S_Textiles_Australia/Tree-Snake-Gathering-Brown-by-Anonymous.jpg
Bonsai Bridge,,PRODUCT  SOLD OUT,https://media.rainpos.com/Checker/L087-BONSAI.jpg
Imperial Collection #13748,$10.99,PRODUCT,https://media.rainpos.com/3245/80c039aaafaa7e26f04cc485dd59c383.jpg
Asian Fabric - Dragons on Red w/ gold,$8.24 $10.99,PRODUCT,https://s3.amazonaws.com/siteimages/image-not-available.gif
Asian Fabric - Dragons on Cream w/ Gold,$8.24 $10.99,PRODUCT,https://s3.amazonaws.com/siteimages/image-not-available.gif
Asian Fabric - Japanese Print,$8.24 $10.99,PRODUCT,https://s3.amazonaws.com/siteimages/image-not-available.gif
Asian Fabric - Dragons on Blue w/ turquoise & gold,$8.24 $10.99,PRODUCT,https://s3.amazonaws.com/siteimages/image-not-available.gif
African Pattern Patch Gold,$10.99,PRODUCT,https://media.rainpos.com/Checker/CD1642-GOLD.jpg
African Pottery Black,$10.99,PRODUCT,https://media.rainpos.com/Checker/CD1641-BLACK.jpg
African Wild Pattern Patch Multi,$10.99,PRODUCT,https://media.rainpos.com/Checker/CD1643-MULTI.jpg
Solid-ish Watercolor Texture Tonal Blender Flame,$10.99,PRODUCT,https://media.rainpos.com/Checker/C6100-FLAME.jpg
Solid-ish Watercolor Texture Fandango,$10.99,PRODUCT,https://media.rainpos.com/Timeless_Treasures/840035954554.jpg
Kenta Multi African Wild Pattern Patch,$10.99,PRODUCT,https://media.rainpos.com/Checker/CD1643-MULTI.jpg
Kenta Gold African Pattern Patch,$10.99,PRODUCT,https://media.rainpos.com/Checker/CD1642-GOLD.jpg
Kenta Black African Pottery,$10.99,PRODUCT,https://media.rainpos.com/Checker/CD1641-BLACK.jpg
Summer Palace Metallic Border Purple/Cream,$8.24 $10.99,PRODUCT,https://media.rainpos.com/3245/WIN_20230707_12_24_06_Pro.jpg
Prairie Cloth,$8.24 $10.99,PRODUCT,https://media.rainpos.com/3245/prairie_cloth.jpg
LL Utility Muslin,$3.99,PRODUCT,https://s3.amazonaws.com/siteimages/image-not-available.gif
Kimberbell Vinyl Sheets 6x10,$8.99,PRODUCT,https://media.rainpos.com/3245/kimberbell_vinyl_sheets_6x10.jpg
Caramel Black  100% Polyester,$6.74 $8.99,PRODUCT,https://media.rainpos.com/3245/c261_1019.jpg
Wizarding World Harry Potter 60" Fleece,$6.99 $10.99,PRODUCT,https://media.rainpos.com/EE_Schenck/CAM2380008A-01_2.jpg
Lush Velveteen Solid Snow 100% COTTON,$20.80,PRODUCT,https://media.rainpos.com/Checker/L185-SNOW.jpg
Toweling - White 45% Linen, 55% cotton  16" wide,$7.00 $9.50,PRODUCT,https://media.rainpos.com/3245/41lfraqyeel_ac_.jpg
Toweling - Cream 45% Linen, 55% cotton  16" wide,$7.00 $9.50,PRODUCT,https://media.rainpos.com/3245/920_cream.png
Toweling - Red 45% Linen, 55% cotton  16" wide,$7.00 $9.50,PRODUCT,https://media.rainpos.com/3245/105108656.jpg
Toweling - Red Checks 45% Linen, 55% cotton  16" wide,$7.00 $9.50,PRODUCT,https://media.rainpos.com/3245/checks.jpg
Toweling - Blue 45% Linen, 55% cotton  16" wide,$7.00 $9.50,PRODUCT,https://media.rainpos.com/3245/kkkkkkk.jpg
Marvel Spiderman Spider Sense Fleece,$4.99 $7.99,PRODUCT,https://media.rainpos.com/3245/73253a620710.jpg
Light Indigo Washed Denim 8oz 56",$11.99 $12.50,PRODUCT,https://media.rainpos.com/Robert_Kaufman/I013-1634.jpg
Indigo Washed Denim 8oz 56",$11.99 $12.50,PRODUCT,https://media.rainpos.com/Checker/I013-1467.jpg
Indigo Black Washed Denim 8oz 56",$11.99 $12.50,PRODUCT,https://media.rainpos.com/Robert_Kaufman/I013-1604.jpg
Moondust Emerald,$4.00 $11.90,PRODUCT,https://media.rainpos.com/Checker/SRKM1748840.jpg
Red, white and bloom,$9.99 $14.99,PRODUCT,https://s3.amazonaws.com/siteimages/image-not-available.gif
Cork Fabric By The Yard Smoke,$41.79,PRODUCT,https://s3.amazonaws.com/siteimages/image-not-available.gif
Krafttex      Stone 19in,$8.99,PRODUCT,https://media.rainpos.com/Checker/20292.jpg
Krafttex     Chocolate 19in,$8.99,PRODUCT,https://media.rainpos.com/Checker/20291.jpg
By Annie Mesh Fabric 18" x 54" Black,$5.99,PRODUCT,https://media.rainpos.com/Moda/LG-1834_00159.jpg
By Annie Mesh Fabric 18" x 54" Navy,$5.99,PRODUCT,https://media.rainpos.com/Moda/LG-1834_00251.jpg
By Annie Mesh Fabric 18" x 54" Apple Green,$5.99,PRODUCT,https://media.rainpos.com/Moda/LG-1834_00157.jpg
By Annie Mesh Fabric 18" x 54" Dandelion,$5.99,PRODUCT,https://media.rainpos.com/Moda/LG-1834_00160.jpg
By Annie Lightweight Mesh Fabric Tahiti 18x54in,$5.99,PRODUCT,https://media.rainpos.com/Checker/SUP209-TAH.jpg
By Annie Lightweight Mesh Fabric - Pumpkin - 18x54in,,PRODUCT  SOLD OUT,https://media.rainpos.com/Checker/SUP209-PUMP.jpg
By Annie Mesh fabric 54in x 15yd Parrot Blue,$149.99,PRODUCT,https://media.rainpos.com/Brewer/PBA15YD-PARROTB.jpg
By Annie Mesh Lite Weight Turquoise 54in X 15yard,$10.00,PRODUCT,https://media.rainpos.com/Checker/SUP209-15TUR.jpg
By Annie Mesh fabric 54inx15yd Apple Green,$149.99,PRODUCT,https://media.rainpos.com/Brewer/PBA15YD-APPLEGR.jpg
By Annie Mesh fabric 54inx15yd White,$149.99,PRODUCT,https://media.rainpos.com/Brewer/PBA15YD-WHITE.jpg
Leather Texture Gold,$8.24 $10.99,PRODUCT,https://media.rainpos.com/3245/WIN_20230728_14_58_13_Pro.jpg
Leather Texture Sappphire,$8.24 $10.99,PRODUCT,https://s3.amazonaws.com/siteimages/image-not-available.gif
K001-1192 LIME,$5.99 $7.99,PRODUCT,https://media.rainpos.com/Robert_Kaufman_Fabrics/K001-1192.jpg
Turkey Time Scenic Black,$10.99 $12.99,PRODUCT,https://media.rainpos.com/Benartex/13103-12.jpg
Dimples Fairy Tale Blue,$10.99,PRODUCT,https://media.rainpos.com/3245/75247442_4270.jpg
Dimples Red,$10.99,PRODUCT,https://media.rainpos.com/Andover_Fabrics/72dpi-P0260-1867-R2.jpg
Dimples Blue,$10.99,PRODUCT,https://media.rainpos.com/Andover_Fabrics/72dpi-P0260-1867-B10.jpg
Dimples Light Blue,$10.99,PRODUCT,https://media.rainpos.com/Andover_Fabrics/72dpi-P0260-1867-W2.jpg
Dimples Dark Red,,PRODUCT  SOLD OUT,https://media.rainpos.com/Andover_Fabrics/72dpi-P0260-1867-R9.jpg
Dimples Ocean Blue,$10.99,PRODUCT,https://media.rainpos.com/Andover_Fabrics/72dpi-P0260-1867-W.jpg
Dimples Denim Blue,$10.99,PRODUCT,https://media.rainpos.com/Andover_Fabrics/72dpi-A-1867-B19.jpg
Dimples Lavender,$10.99,PRODUCT,https://media.rainpos.com/Andover_Fabrics/72dpi-A-1867-P15.jpg
Dimples Light Brown,$10.99,PRODUCT,https://media.rainpos.com/Andover_Fabrics/72dpi-A-1867-N18.jpg
Dimples Pumpkin Orange,$10.99,PRODUCT,https://media.rainpos.com/Andover_Fabrics/72dpi-A-1867-O15.jpg
Dimples Grape Purple,$10.99,PRODUCT,https://media.rainpos.com/Andover_Fabrics/72dpi-P0260-1867-P2.jpg
Dimples Purple,$10.99,PRODUCT,https://media.rainpos.com/Andover_Fabrics/72dpi-P0260-1867-P8.jpg
Dimples Lime Green,$10.99,PRODUCT,https://media.rainpos.com/Andover_Fabrics/72dpi-P0260-1867-G2.jpg
Dimples Green,$10.99,PRODUCT,https://media.rainpos.com/Andover_Fabrics/72dpi-P0260-1867-G10.jpg
Dimples Emerald Green,$10.99,PRODUCT,https://media.rainpos.com/Andover_Fabrics/72dpi-A-1867-G38.jpg
Black and White Checkers,,PRODUCT  SOLD OUT,https://media.rainpos.com/3245/Keb3q1.png
Black Friday Fabric,$3.00 $10.99,PRODUCT,https://s3.amazonaws.com/siteimages/image-not-available.gif
Sale7,,PRODUCT  SOLD OUT,https://s3.amazonaws.com/siteimages/image-not-available.gif
Sew & Go VI stuffed zebra toy,$4.00 $10.49,PRODUCT,https://s3.amazonaws.com/siteimages/image-not-available.gif
Salsa plates,$8.24 $10.99,PRODUCT,https://media.rainpos.com/3245/WIN_20230305_13_17_52_Pro.jpg
78 x 78 TC Natural Cotton Muslin 45in,$5.75,PRODUCT,https://media.rainpos.com/Checker/M7878N-4525.jpg
.Velveteen Solid Royal Lush  100% Cotton 42 wide,$20.80,PRODUCT,https://media.rainpos.com/Checker/L185-RYL.jpg
.Velveteen Solid Cadet Lush  100% Cotton 42 wide,$20.80,PRODUCT,https://media.rainpos.com/3245/l185_1058.jpg
.Velveteen Solid Black Lush  100% Cotton  42 wide,$20.80,PRODUCT,https://media.rainpos.com/3245/l185_1058.jpg
.Velveteen Solid Green Lush  Forest 100% Cotton,,PRODUCT  SOLD OUT,https://media.rainpos.com/3245/l185_1145.jpg
Table Felt 60" Natural,$12.00 $16.00,PRODUCT,https://media.rainpos.com/3245/table_felt.jpg
Cork by the yard,$41.50,PRODUCT,https://s3.amazonaws.com/siteimages/image-not-available.gif
118 backing 100% cotton Scarlet,$13.99,PRODUCT,https://s3.amazonaws.com/siteimages/image-not-available.gif
118 backing 100% cotton Sateen Black,$18.99 $24.99,PRODUCT,https://s3.amazonaws.com/siteimages/image-not-available.gif
QT Flower Fantasy 164923131Q,$8.24 $10.49,PRODUCT,https://media.rainpos.com/3245/1649_23131_q.jpg
Robert Kaufman PFD,$4.99,PRODUCT,https://s3.amazonaws.com/siteimages/image-not-available.gif
Kimberbell We Whisk You... Christmas Cookies Brown,,PRODUCT  SOLD OUT,https://media.rainpos.com/3245/kimberbell_we_whisk_you_christmas_cookies_brown.jpg
Kimberbell Basics Houndstooth Black,$8.24 $10.99,PRODUCT,https://media.rainpos.com/3245/kimberbell_basics_houndstooth_black.jpg
Downton Abbey - Lady Rose 7615B,$4.00 $10.49,PRODUCT,https://media.rainpos.com/3245/7615_B_YD.jpg
Autumn Time Plaid Scroll Butter,,PRODUCT  SOLD OUT,https://media.rainpos.com/3245/autumn_time_plaid_scroll_butter.jpg
Love Struck White Pink Red Hearts,$8.24 $10.99,PRODUCT,https://media.rainpos.com/Checker/1368-08.jpg
Autumn Time Paisley Black,,PRODUCT  SOLD OUT,https://media.rainpos.com/3245/autumn_time_paisley_black.jpg
Pre Cut Illusions white on white  2 3/4 yards,,PRODUCT  SOLD OUT,https://s3.amazonaws.com/siteimages/image-not-available.gif
K001-1192 LIME,$5.99 $7.99,PRODUCT,https://media.rainpos.com/Robert_Kaufman_Fabrics/K001-1192.jpg
Turkey Time Scenic Black,$10.99 $12.99,PRODUCT,https://media.rainpos.com/Benartex/13103-12.jpg
Dimples Light Blue,$10.99,PRODUCT,https://media.rainpos.com/Andover_Fabrics/72dpi-P0260-1867-W2.jpg
Dimples Dark Red,,PRODUCT  SOLD OUT,https://media.rainpos.com/Andover_Fabrics/72dpi-P0260-1867-R9.jpg
Dimples Denim Blue,$10.99,PRODUCT,https://media.rainpos.com/Andover_Fabrics/72dpi-A-1867-B19.jpg
Dimples Grass Green,$10.99,PRODUCT,https://media.rainpos.com/Andover_Fabrics/72dpi-P0260-1867-G12.jpg
Mrs Pickles,$8.24 $10.99,PRODUCT,https://s3.amazonaws.com/siteimages/image-not-available.gif
She Who Sews - Paperdolls Lt Green,$4.00 $10.99,PRODUCT,https://media.rainpos.com/QT_Fabrics/23068_H_m.jpg
Salsa flowers cream background,$8.24 $10.99,PRODUCT,https://media.rainpos.com/3245/WIN_20230225_11_37_05_Pro.jpg
Salsa flowers yellow background,$8.24 $10.99,PRODUCT,https://media.rainpos.com/3245/WIN_20230225_11_35_19_Pro.jpg
Salsa floral stripes,$8.24 $10.99,PRODUCT,https://media.rainpos.com/3245/WIN_20230225_11_37_21_Pro.jpg
Salsa dots cream background,$8.24 $10.99,PRODUCT,https://media.rainpos.com/3245/WIN_20230225_11_36_27_Pro.jpg
Salsa dots orange background,$8.24 $10.99,PRODUCT,https://media.rainpos.com/3245/WIN_20230225_11_36_05_Pro.jpg
Salsa spots blue,$8.24 $10.99,PRODUCT,https://media.rainpos.com/3245/WIN_20230225_11_35_49_Pro.jpg
Salsa diamonds,$8.24 $10.99,PRODUCT,https://media.rainpos.com/3245/WIN_20230225_11_34_41_Pro.jpg
Salsa spots red,$8.24 $10.99,PRODUCT,https://media.rainpos.com/3245/WIN_20230225_11_34_16_Pro.jpg
Salsa spots white,$8.24 $10.99,PRODUCT,https://media.rainpos.com/3245/WIN_20230225_11_33_54_Pro.jpg
Salsa plates,$8.24 $10.99,PRODUCT,https://media.rainpos.com/3245/WIN_20230305_13_17_52_Pro.jpg
Four Seasons red,$8.24 $10.99,PRODUCT,https://media.rainpos.com/3245/WIN_20230707_12_20_35_Pro.jpg
Songbird,$8.24 $10.99,PRODUCT,https://media.rainpos.com/Moda/1935.00111.jpg
Kangaroo Brown Nambooka,$8.24 $10.99,PRODUCT,https://media.rainpos.com/3245/kangaroo_brown_by_nambooka.jpg
Fire Dreaming Blue,$8.24 $10.99,PRODUCT,https://media.rainpos.com/3245/fire_dreaming_blue.jpg
Masami Sayomi Black and Gold Flowers,$8.24 $10.99,PRODUCT,https://media.rainpos.com/3245/masami_sk7196_4g.jpg
Imperial Collection Cornflower,$10.99,PRODUCT,https://media.rainpos.com/3245/imperial_collection_cornflower.jpg
Yoriko Dependabe Panel,$8.24 $10.99,PRODUCT,https://media.rainpos.com/3245/yoriko_dependabe_1649_24147_ar_20161215164249.jpg
Japanese Garden Blue Scenes,,PRODUCT  SOLD OUT,https://media.rainpos.com/3245/japanese_garden_japanese_toile_mas8083_n.jpg
Japanese Garden White Scenes,$8.24 $10.99,PRODUCT,https://media.rainpos.com/3245/mas8083_e_300x300_crop_center.jpg
Princess on a Pea Lanterns,$8.24 $10.99,PRODUCT,https://media.rainpos.com/Checker/C6988R-NUTME.jpg
African Pattern Patch Gold,$10.99,PRODUCT,https://media.rainpos.com/Checker/CD1642-GOLD.jpg
Enchanted Forest Hedgehogs white,$8.24 $10.99,PRODUCT,https://media.rainpos.com/3245/WIN_20230419_10_26_43_Pro.jpg
Purely Gates: Mylar Fancy Wolves,$15.00 $49.99,PRODUCT,https://media.rainpos.com/3245/mylar_fancy_wolves_cover.jpg
Green Farming Around,,PRODUCT  SOLD OUT,https://media.rainpos.com/Checker/5171B-44.jpg
Dinosauria Hatching Eggs Yellow,$8.24 $10.99,PRODUCT,https://s3.amazonaws.com/siteimages/image-not-available.gif
A TAIL OF TWO KITTIES PAWPRINTS,,PRODUCT  SOLD OUT,https://media.rainpos.com/QT_Fabrics/24726_J_m.jpg
Light Navy Daisy & Mouse,,PRODUCT  SOLD OUT,https://media.rainpos.com/Checker/Y2654-93.jpg
Adventure Awaits Tossed Characters on Beige,$8.24 $10.99,PRODUCT,https://media.rainpos.com/EE_Schenck/CLTY2673-11.jpg
Monkey Tales Grey,$4.00 $10.99,PRODUCT,https://media.rainpos.com/Moda/1867.34759.jpg
Winter Woodland,$8.24 $10.99,PRODUCT,https://media.rainpos.com/EE_Schenck/CLTY2729-104.jpg
Dinosauria Eggs Hatching Blue,$8.24 $10.99,PRODUCT,https://media.rainpos.com/3245/00463201201201157499259.jpg
Light Denim Fish, Tents & Bears,$4.00 $10.99,PRODUCT,https://media.rainpos.com/Checker/Y2673-87.jpg
Garden Party Aqua,,PRODUCT  SOLD OUT,https://media.rainpos.com/EE_Schenck/CLTY2737-87.jpg
Paw Print Red,,PRODUCT  SOLD OUT,https://media.rainpos.com/3245/61xdfdwfq4l_ac_.jpg
Los Cabos Hummingbirds Black,,PRODUCT  SOLD OUT,https://media.rainpos.com/3245/38c5d870b25529f4e1fb4b6d409468c5.jpg
Night Song Nocturne Mini Quilt Kit,$15.00 $33.00,PRODUCT,https://media.rainpos.com/3245/50929qk.jpg
Paris Scenic Toile Blue,$10.99,PRODUCT,https://media.rainpos.com/Checker/C3788-BLU.jpg
C. FREE Pattern  for Ribbon Tails,,PRODUCT,https://media.rainpos.com/3245/ribbontails.png
Zebra Wild,$8.24 $12.40,PRODUCT,https://media.rainpos.com/Checker/SRKD20596286.jpg
Paris Scenic Toile white,$10.99,PRODUCT,https://media.rainpos.com/3245/WIN_20230531_10_40_07_Pro.jpg
Jody Bergsma North American Wildlife 2 Panels,$8.24 $10.99,PRODUCT,https://media.rainpos.com/Robert_Kaufman/ABK-14244-268.jpg
Skins Flannel  Leopard Print,$8.62 $11.49,PRODUCT,https://media.rainpos.com/3245/ba5e646b_93bf_3566_8b2f_3b85e6cd6c92.jpg
Naturescapes Kotiya Cheetah Panel,$8.24 $15.99,PRODUCT,https://media.rainpos.com/3245/dp21377_10.jpg
Purely Gates: Mylar Fancy Wolves,$15.00 $49.99,PRODUCT,https://media.rainpos.com/3245/mylar_fancy_wolves_cover.jpg
Let's Go Camping Don't Feed the Bear,,PRODUCT  SOLD OUT,https://media.rainpos.com/3245/dont_feed_the_bear_fabric.jpg
North American Wildlife 2 Horses Panel,$4.00 $10.99,PRODUCT,https://media.rainpos.com/3245/north_american_wildlife_2_nature.jpg
North American Wildlife Green Bears,$8.24 $10.99,PRODUCT,https://media.rainpos.com/3245/north_american_wildlife_5013_green.jpg
WW Lazy Afternoon with Wolves,$8.24 $10.99,PRODUCT,https://media.rainpos.com/3245/ww_lazy_afternoon_20170530171527.jpg
Wolf Song Panel,$8.24 $10.99,PRODUCT,https://media.rainpos.com/3245/wolf_song_panel.jpg
Love Blooms Digital Panel,$8.24 $15.99,PRODUCT,https://media.rainpos.com/3245/love_blooms_panel.jpg
Fun Unicorn Pink,$8.24 $10.99,PRODUCT,https://media.rainpos.com/3245/fun_unicorn_pink.jpg
Oink A Doodle Moo 30324 11,$8.24 $10.99,PRODUCT,https://media.rainpos.com/3245/product_image_coming_soon.png
Sew Curious Cats Panel,$8.24 $10.99,PRODUCT,https://media.rainpos.com/3245/sew_curious_panel.jpg
Falling Feathers,$8.24 $10.99,PRODUCT,https://media.rainpos.com/3245/falling_feathers.jpg
Flamingo Paradise - Aqua,$8.24 $10.99,PRODUCT,https://media.rainpos.com/3245/aqpd_18478_70.jpg
Feathers - Multi,$8.24 $10.99,PRODUCT,https://media.rainpos.com/3245/srk_73719_205.jpg
CAMP PEANUTS STRIPE,,PRODUCT  SOLD OUT,https://media.rainpos.com/QT_Fabrics/22534_SR_m.jpg
Good Dogs Blue Words Digitally Printed,$4.00 $10.99,PRODUCT,https://media.rainpos.com/Checker/12206-BLUE.jpg
A is for Alligator,$8.24 $10.99,PRODUCT,https://media.rainpos.com/3245/nc_aa_20941_44.jpg
Light Navy Daisy & Mouse,,PRODUCT  SOLD OUT,https://media.rainpos.com/Checker/Y2654-93.jpg
Winter Woodland,$8.24 $10.99,PRODUCT,https://media.rainpos.com/EE_Schenck/CLTY2729-104.jpg
Dinosauria Eggs Hatching Blue,$8.24 $10.99,PRODUCT,https://media.rainpos.com/3245/00463201201201157499259.jpg
Light Denim Fish, Tents & Bears,$4.00 $10.99,PRODUCT,https://media.rainpos.com/Checker/Y2673-87.jpg
Purrfect Christmas Ornament  Play  Mint,$4.00 $10.99,PRODUCT,https://media.rainpos.com/EE_Schenck/CLTY2715-100.jpg
Garden Party Aqua,,PRODUCT  SOLD OUT,https://media.rainpos.com/EE_Schenck/CLTY2737-87.jpg
Paw Print Red,,PRODUCT  SOLD OUT,https://media.rainpos.com/3245/61xdfdwfq4l_ac_.jpg
Multi Night Owl Panel 24in,$4.00 $10.99,PRODUCT,https://media.rainpos.com/Checker/Y2803-55.jpg
Rescued and Loved Small Critter Stone,$8.24 $10.99,PRODUCT,https://media.rainpos.com/Checker/9394-42.jpg
Rescued and Loved Argyle Teal,,PRODUCT  SOLD OUT,https://media.rainpos.com/Checker/9397-76.jpg
C. FREE Pattern  for Ribbon Tails,,PRODUCT,https://media.rainpos.com/3245/ribbontails.png
Savanna Stonehenge All Over Tan,$8.24 $10.99,PRODUCT,https://media.rainpos.com/3245/dp23250_12_20200907225127.jpg
Daydreams - Bears,$8.24 $10.99,PRODUCT,https://media.rainpos.com/3245/bears_fabric_panel_dp23107_42_1024x10242x.jpg
Birds Sweetpea Tossed Birds,,PRODUCT  SOLD OUT,https://media.rainpos.com/3245/p4390_447_sweetpea.jpg
Birds Sweetpea Fat Quarter Yardage,$10.99 $12.99,PRODUCT,https://media.rainpos.com/3245/p4394_447_sweetpea.jpg
North American Wildlife Bear Paw Black,,PRODUCT  SOLD OUT,https://media.rainpos.com/Foust_Textiles/189_black.jpg
Catkin 6 Block Panel,,PRODUCT  SOLD OUT,https://media.rainpos.com/3245/Catkin.png
Brushstrokes Teal/Multi- Painted Horses Fabric,$11.99 $15.99,PRODUCT,https://media.rainpos.com/3245/il_1140xn1890656012_cvbg_20210721124411.jpg
Brushstrokes Teal/Multi- Painted Horses Fabric,$11.99 $15.99,PRODUCT,https://media.rainpos.com/3245/51ss_rlir5l_ac_.jpg
Humming Bird Panel- Black/Multi Fabric,$8.24 $10.99,PRODUCT,https://media.rainpos.com/3245/il_794xn2794880859_hura.jpg
Wild & Beautiful Bear Panel,$8.24 $10.99,PRODUCT,https://media.rainpos.com/Checker/P9281R-BEAR.jpg
Go Wild - Leopard Print Fabric,$8.24 $10.99,PRODUCT,https://media.rainpos.com/Checker/33787A-X.jpg
Panda Waterfall Call of the Wild - Panel,$10.99,PRODUCT,https://media.rainpos.com/3245/il_1140xn2735382009_2nqb.jpg
Wild & Playful Puppies Panel Digital - 43" X 44",$12.90,PRODUCT,https://media.rainpos.com/Checker/P7825-PUPPIES.jpg
The Collection of Alaska's Artist Jon Van Zyle Animal Panel,$8.62 $11.49,PRODUCT,https://media.rainpos.com/3245/ad6f7ee1eaea332afa2fbfc8b0980de8.jpg
Stonehenge Skins Snake Grey,$8.24 $10.99,PRODUCT,https://media.rainpos.com/3245/75353286_3586.jpg
Resting Point Wolves - All Over,$8.24 $10.99,PRODUCT,https://media.rainpos.com/Northcott/DP22011-98.jpg
Caturday Rose Kitty Toss,$8.24 $10.99,PRODUCT,https://media.rainpos.com/Checker/42948-1.jpg
Caturday Tan Kitty Toss,$8.24 $10.99,PRODUCT,https://media.rainpos.com/Checker/42948-2.jpg
Jungle Camp blue trailers,$8.24 $10.99,PRODUCT,https://media.rainpos.com/3245/jungle_camp.jfif
Wild Adventure Block Panel,$10.99,PRODUCT,https://media.rainpos.com/3245/download_10.jpg
Wild Adventure Tigers and Zebras,$10.99,PRODUCT,https://s3.amazonaws.com/siteimages/image-not-available.gif
Wild Adventure Lions on Turquoise Fabric,$10.99,PRODUCT,https://media.rainpos.com/3245/il_1588xN.1036121333_b80e.jpg
Wild Adventure Tigers on Green Fabric,$10.99,PRODUCT,https://media.rainpos.com/3245/il_fullxfull.1036118115_qza0.jpg
Wild Adventure Elephants Aqua Background,$10.99,PRODUCT,https://media.rainpos.com/3245/AUI_15989_268.jpg
Wild Adventure Giraffe Skin Print,$10.99,PRODUCT,https://media.rainpos.com/3245/AUI_15990_268.jpg
Wild Adventure Block Panel Wild,$10.99,PRODUCT,https://media.rainpos.com/3245/AUI_15985_286.jpg
Wild Adventure Safari Animals Tossed on White,$10.99,PRODUCT,https://media.rainpos.com/3245/AUI_15986_286.jpg
Wild Adventure Lions on Green Fabric,$10.99,PRODUCT,https://media.rainpos.com/3245/AUI_15987_286.jpg
Wild Adventure Tigers on Yellow,$10.99,PRODUCT,https://media.rainpos.com/3245/AUI_15988_286.jpg
Wild Adventure Elephants on Lt Yellow,$10.99,PRODUCT,https://media.rainpos.com/3245/AUI_15989_286.jpg
CAMP PEANUTS STRIPE,,PRODUCT  SOLD OUT,https://media.rainpos.com/QT_Fabrics/22534_SR_m.jpg
Hedge Fun,$8.24 $10.99,PRODUCT,https://media.rainpos.com/Michael_Miller_Fabrics/cx8445_blossom.jpg
Jungle Baby,,PRODUCT  SOLD OUT,https://media.rainpos.com/3245/jungle_baby.jpg
Purrfect Christmas Ornament Play - white,,PRODUCT  SOLD OUT,https://media.rainpos.com/3245/y2715_1_sml.jpg
Multi Night Owl Panel 24in,$4.00 $10.99,PRODUCT,https://media.rainpos.com/Checker/Y2803-55.jpg
Rescued and Loved Argyle Teal,,PRODUCT  SOLD OUT,https://media.rainpos.com/Checker/9397-76.jpg
Mini Tropicals - Palm Trees and Flamingo Fabric,$8.24 $10.99,PRODUCT,https://media.rainpos.com/3245/il_1588xn2015260464_r8tn.jpg
Bird Song - Fabric,,PRODUCT  SOLD OUT,https://media.rainpos.com/3245/dp22432_41ltbluebirds.jpg
Song Birds - Fabric,$8.24 $10.99,PRODUCT,https://media.rainpos.com/3245/0756429.jpg
Song Birds Panel  - Fabric,$4.00 $10.99,PRODUCT,https://media.rainpos.com/3245/il_1588xn2802287771_pe8e.jpg
Song Birds - Fabric,$8.24 $10.99,PRODUCT,https://media.rainpos.com/3245/0756432.jpg
Go Wild Panel - Lions, Zebras, Elephants & Leopard Fabric,$8.24 $10.99,PRODUCT,https://media.rainpos.com/3245/11220acdbd4f029c9bd7a94e0d1c1b45.jpg
Black Chickens,,PRODUCT  SOLD OUT,https://media.rainpos.com/Checker/C6691-BLK.jpg
Cat & Mouse Rainbow Outline,,PRODUCT  SOLD OUT,https://media.rainpos.com/3245/il_794xn2834766515_k8bn.jpg
Dreamcatcher Teal- Painted Horses Fabric,$11.99 $15.99,PRODUCT,https://media.rainpos.com/3245/9656_2_6587415687322151000800.jpg
Painted Horses Purple/Multi Fabric,$11.99 $15.99,PRODUCT,https://media.rainpos.com/3245/il_680x5401892231952_8q9o.jpg
Painted Horses Teal/Multi Fabric,$11.99 $15.99,PRODUCT,https://s3.amazonaws.com/siteimages/image-not-available.gif
Farm Animals- Chicken Wire Black Fabric,$8.24 $10.99,PRODUCT,https://media.rainpos.com/3245/es_355_black_main_2.jpg
Itty Bittys - Tossed Elephants Flannel,,PRODUCT  SOLD OUT,https://media.rainpos.com/3245/itty_bitty_tossed_elephants_e1584496154133_600x600.jpg
Itty Bittys - Elephant Parade Flannel,$8.62 $11.49,PRODUCT,https://media.rainpos.com/3245/il_340x2702499734949_b63m.jpg
Brite Horses - Multi Fabric,,PRODUCT  SOLD OUT,https://media.rainpos.com/Checker/C5160-BRITE.jpg
Holiday Helpers Christmas Cats- Green,$8.24 $10.99,PRODUCT,https://media.rainpos.com/3245/s_l1600_1_20211203121442.jpg
Wild Animal Print- Tiger,$8.24 $10.99,PRODUCT,https://media.rainpos.com/3245/il_fullxfull.412138947_8b3q.jpg
Tribal Council Skin Print,$8.24 $10.99,PRODUCT,https://s3.amazonaws.com/siteimages/image-not-available.gif
Walk In The Park,$8.24 $10.49,PRODUCT,https://media.rainpos.com/3245/WIN_20230308_13_24_08_Pro.jpg
Belle & Blue Geckos Black,$8.24 $11.90,PRODUCT,https://media.rainpos.com/Checker/FLBB-D21-Z.jpg
Cheetah Wild,$8.24 $12.40,PRODUCT,https://media.rainpos.com/Checker/SRKD20592286.jpg
Wild Leopard Skin Digital Print,$8.24 $12.40,PRODUCT,https://media.rainpos.com/Checker/SRKD19874286.jpg
Wild Cheetah Skin Digital Print,$8.24 $12.40,PRODUCT,https://media.rainpos.com/Checker/SRKD19871286.jpg
Flamingo Paradise,$8.24 $10.99,PRODUCT,https://media.rainpos.com/3245/WIN_20230723_14_14_37_Pro.jpg
Green Farming Around,,PRODUCT  SOLD OUT,https://media.rainpos.com/Checker/5171B-44.jpg
Night Song Nocturne Mini Quilt Kit,$15.00 $33.00,PRODUCT,https://media.rainpos.com/3245/50929qk.jpg
Multi Song Bird Digital Panel, 16 panels per bolt,$10.99,PRODUCT,https://media.rainpos.com/Checker/SONB4320-PA.jpg
Multi Bird Border Digital,$10.99,PRODUCT,https://media.rainpos.com/Checker/SONB4321-MU.jpg
Multi Birds Digital,$10.99,PRODUCT,https://media.rainpos.com/Checker/SONB4329-MU.jpg
Sea Turtles Blue,$10.99,PRODUCT,https://media.rainpos.com/Checker/C8030-BLUE.jpg
Whiskers & Tails Pawprints Dusty Blue,$10.99,PRODUCT,https://media.rainpos.com/3245/absd_19024_68_1.jpg
Whiskers & Tails Black and White,$10.99,PRODUCT,https://media.rainpos.com/3245/whisk.png
Flamingo Aqua,$10.99,PRODUCT,https://media.rainpos.com/Checker/AQPD1847870.jpg
Truck, Barn & Horses 36in Digitally Printed,$11.99,PRODUCT,https://media.rainpos.com/Checker/GG00540C1.jpg
Flamingo Packed Allover,$10.99 $12.90,PRODUCT,https://media.rainpos.com/3245/10292_x.jpg
Red Paws,$8.24 $10.99,PRODUCT,https://media.rainpos.com/3245/181e_red_1.jpg
Night Song Wolves,$10.99,PRODUCT,https://media.rainpos.com/Windham_Fabrics/50708-1_1.jpg
Itty Bittys - Tossed Elephants Flannel,,PRODUCT  SOLD OUT,https://media.rainpos.com/3245/itty_bitty_tossed_elephants_e1584496154133_600x600.jpg
Itty Bittys - Elephant Parade Flannel,$8.62 $11.49,PRODUCT,https://media.rainpos.com/3245/il_340x2702499734949_b63m.jpg
Brite Horses - Multi Fabric,,PRODUCT  SOLD OUT,https://media.rainpos.com/Checker/C5160-BRITE.jpg
Itty Bittys - Pink w/ White Dots Flannel,$8.62 $11.49,PRODUCT,https://media.rainpos.com/3245/ft12278_pink.jpg
Wolf Multi Panel,$10.99,PRODUCT,https://media.rainpos.com/PB_Textiles/2_grande.jpg
Panda Waterfall Call of the Wild - Panel,$10.99,PRODUCT,https://media.rainpos.com/3245/il_1140xn2735382009_2nqb.jpg
Wild & Playful Puppies Panel Digital - 43" X 44",$12.90,PRODUCT,https://media.rainpos.com/Checker/P7825-PUPPIES.jpg
The Collection of Alaska's Artist Jon Van Zyle Animal Panel,$8.62 $11.49,PRODUCT,https://media.rainpos.com/3245/ad6f7ee1eaea332afa2fbfc8b0980de8.jpg
Stonehenge Skins Snake Grey,$8.24 $10.99,PRODUCT,https://media.rainpos.com/3245/75353286_3586.jpg
Resting Point Wolves - All Over,$8.24 $10.99,PRODUCT,https://media.rainpos.com/Northcott/DP22011-98.jpg
Magic Forest - White Fabric,,PRODUCT  SOLD OUT,https://media.rainpos.com/EE_Schenck/ELS7803-WHI.jpg
Raccoon Ruckus -Blue,,PRODUCT  SOLD OUT,https://media.rainpos.com/Fabri-Quilt/12022712_1_600x.jpg
Crabbies - Dancing Sea Shells Turquoise,$4.00 $10.99,PRODUCT,https://media.rainpos.com/Fabri-Quilt/12022712_1_600x.jpg
Wild Expedition- Kissing Crane Navy,$4.00 $10.99,PRODUCT,https://media.rainpos.com/Fabri-Quilt/12022712_1_600x.jpg
Tails & Whiskers - Meow Pink,$4.00 $10.99,PRODUCT,https://media.rainpos.com/Checker/120-21629.jpg
Ocean Adventures - School of Fish Blue,$4.00 $10.99,PRODUCT,https://media.rainpos.com/EE_Schenck/PSF120-23010.jpg
Zebra Wild,$8.24 $12.40,PRODUCT,https://media.rainpos.com/Checker/SRKD20596286.jpg
Flower Talk Hummingbirds Light Yellow,$8.24 $10.99,PRODUCT,https://media.rainpos.com/Checker/Y3011-8.jpg
Fabulous Flamingos,$8.24 $10.99,PRODUCT,https://media.rainpos.com/3245/120_208911.jpg
Fabulous Flamingos Peachy Blur,$8.24 $10.99,PRODUCT,https://media.rainpos.com/3245/120_208963.jpg
Fabulous Flamingos Panel,$8.24 $10.99,PRODUCT,https://media.rainpos.com/3245/120_208901.jpg
Fabulous Flamingos Abstract,,PRODUCT  SOLD OUT,https://media.rainpos.com/3245/120_208952.jpg
Fabulous Flamingos Shells Light Blue,,PRODUCT  SOLD OUT,https://media.rainpos.com/3245/120_208941.jpg
Bright Rainbow Colored I Love My Dog,$8.24 $10.99,PRODUCT,https://media.rainpos.com/Checker/C7032-BRT.jpg
Black Cat Paws,$8.24 $10.99,PRODUCT,https://media.rainpos.com/Checker/C7487-BLACK.jpg
Rescued and Loved Pawprint/Heart Green,,PRODUCT  SOLD OUT,https://media.rainpos.com/Checker/9396-66.jpg
Fabulous Flamingos Shells Royal Blue,$8.24 $10.99,PRODUCT,https://media.rainpos.com/3245/120_208942.jpg
Rainbow Cat Paws,$8.24 $10.99,PRODUCT,https://media.rainpos.com/Checker/C7486-RAINB.jpg
Fabulous Flamingos,$8.24 $10.99,PRODUCT,https://media.rainpos.com/Checker/120-208921.jpg
Rescued and Loved Border Stripe Red,$8.24 $10.99,PRODUCT,https://media.rainpos.com/Checker/9392-088.jpg
Rescued and Loved Word Stone,,PRODUCT  SOLD OUT,https://media.rainpos.com/Checker/9393-42.jpg
Rescued and Loved Small Critter Red Tonal,$8.24 $10.99,PRODUCT,https://media.rainpos.com/Checker/9395-88.jpg
Rescued and Loved Pawprint/Heart Stone,$8.24 $10.99,PRODUCT,https://media.rainpos.com/Checker/9396-42.jpg
Rescued and Loved Banner Panel Blue,$8.24 $10.99,PRODUCT,https://media.rainpos.com/Checker/9399P-17.jpg
Flamingos White,$8.24 $10.99,PRODUCT,https://media.rainpos.com/3245/c7822_white.jpg
Whiskers & Tails Grass,$8.24 $10.99,PRODUCT,https://media.rainpos.com/3245/images_20201125151144.jpeg
Naturescapes Nightfall - Owls and Leaves*,$10.99,PRODUCT,https://media.rainpos.com/Northcott/DP22464-91.jpg
Magic Forest - Blue Fabric,$8.24 $10.99,PRODUCT,https://media.rainpos.com/EE_Schenck/ELS7803BLU.jpg
Oasis Fabrics Jangala Allover Tigers Gold,$10.99,PRODUCT,https://media.rainpos.com/3245/tigercollection.png
Animal Kingdom Tiger Print,$10.99,PRODUCT,https://media.rainpos.com/Robert_Kaufman_Fabrics/SRKD-19875-286.jpg
Multi Tiger Panel 36in,$10.99 $13.90,PRODUCT,https://media.rainpos.com/Checker/ML33252C1.jpg
Rainforest Friends: Tigers Ivory,$10.99 $12.40,PRODUCT,https://media.rainpos.com/Checker/AAK2150415.jpg
Forest Fables - Animal Village,,PRODUCT  SOLD OUT,https://media.rainpos.com/EE_Schenck/PSF120-19614.jpg
Forest Fables- Animal Books,,PRODUCT  SOLD OUT,https://media.rainpos.com/EE_Schenck/PSF120-19615.jpg
Ocean Adventures - Seaweed Coral,$4.00 $10.99,PRODUCT,https://media.rainpos.com/Checker/120-21629.jpg
Moon Rabbit - Floral Navy,,PRODUCT  SOLD OUT,https://media.rainpos.com/Checker/120-21629.jpg
By the Sea - Under the Sea Coral,,PRODUCT  SOLD OUT,https://media.rainpos.com/Checker/120-21629.jpg
